league,combo,n_train,n_test,n_features,log_loss,roc_auc,roi_0.54,bets_0.54,roi_0.56,bets_0.56,roi_0.58,bets_0.58,best_roi,best_thr,best_bets
ABA,BASE,161,40,58,0.886,0.584,5.56,36,6.18,34,6.18,34,6.18,0.56,34
ABA,BASE+FATIGUE,161,40,68,0.9425,0.5664,0.28,36,0.28,36,0.28,36,0.28,0.54,36
ABA,BASE+FATIGUE+TEAM_ADV,161,40,88,1.1565,0.5564,2.31,39,2.31,39,-0.0,38,2.31,0.54,39
ABA,BASE+TEAM_ADV,161,40,78,1.1212,0.5363,-2.56,39,-2.56,39,-2.56,39,-2.56,0.54,39
ACB,BASE,227,56,58,1.0415,0.576,-12.31,52,-12.6,50,-12.6,50,-12.31,0.54,52
ACB,BASE+FATIGUE,227,56,68,1.1059,0.5326,-12.04,54,-12.6,50,-12.6,50,-12.04,0.54,54
ACB,BASE+FATIGUE+TEAM_ADV,227,56,88,0.9672,0.5888,-6.79,53,-6.79,53,-6.86,51,-6.79,0.54,53
ACB,BASE+TEAM_ADV,227,56,78,1.0605,0.5453,-6.79,53,-6.86,51,-6.86,51,-6.79,0.54,53
BBL,BASE,252,63,58,1.1177,0.5252,4.5,60,4.5,60,5.18,56,5.18,0.58,56
BBL,BASE+FATIGUE,252,63,68,1.0594,0.5423,1.55,58,1.55,58,5.56,54,5.56,0.58,54
BBL,BASE+FATIGUE+TEAM_ADV,252,63,88,1.1498,0.498,-6.56,61,-6.56,61,-5.0,58,-5.0,0.58,58
BBL,BASE+TEAM_ADV,252,63,78,1.195,0.504,-5.0,58,-1.61,56,-1.61,56,-1.61,0.56,56
BLeague,BASE,608,152,58,0.8305,0.583,14.28,138,15.71,133,14.0,130,15.71,0.56,133
BLeague,BASE+FATIGUE,608,152,68,0.8532,0.5802,9.35,139,6.52,132,7.52,129,9.35,0.54,139
BLeague,BASE+FATIGUE+TEAM_ADV,608,152,88,0.8532,0.5802,9.35,139,6.52,132,7.52,129,9.35,0.54,139
BLeague,BASE+TEAM_ADV,608,152,78,0.8305,0.583,14.28,138,15.71,133,14.0,130,15.71,0.56,133
CBA,BASE,356,89,58,1.0932,0.4675,-10.59,85,-13.01,83,-12.31,78,-10.59,0.54,85
CBA,BASE+FATIGUE,356,89,68,1.1578,0.4586,-7.32,82,-6.17,81,-9.87,78,-6.17,0.56,81
CBA,BASE+FATIGUE+TEAM_ADV,356,89,88,1.1578,0.4586,-7.32,82,-6.17,81,-9.87,78,-6.17,0.56,81
CBA,BASE+TEAM_ADV,356,89,78,1.0932,0.4675,-10.59,85,-13.01,83,-12.31,78,-10.59,0.54,85
EuroLeague,BASE,321,80,58,1.1408,0.4456,-13.14,70,-14.64,69,-12.09,67,-12.09,0.58,67
EuroLeague,BASE+FATIGUE,321,80,68,1.127,0.4613,-6.2,79,-8.7,77,-10.0,76,-6.2,0.54,79
EuroLeague,BASE+FATIGUE+TEAM_ADV,321,80,88,0.9797,0.5148,1.17,77,-1.2,75,0.14,74,1.17,0.54,77
EuroLeague,BASE+TEAM_ADV,321,80,78,1.0327,0.4827,-3.73,75,-3.7,73,-3.7,73,-3.7,0.56,73
Israel,BASE,142,35,58,1.1154,0.528,17.35,34,17.35,34,17.35,34,17.35,0.54,34
Israel,BASE+FATIGUE,142,35,68,1.0893,0.556,12.81,32,16.45,31,16.45,31,16.45,0.56,31
Israel,BASE+FATIGUE+TEAM_ADV,142,35,88,1.0571,0.564,0.94,32,11.38,29,11.38,29,11.38,0.56,29
Israel,BASE+TEAM_ADV,142,35,78,1.0704,0.564,10.32,31,7.67,30,4.83,29,10.32,0.54,31
LNB,BASE,192,47,58,1.2079,0.4891,5.11,47,4.05,42,2.31,39,5.11,0.54,47
LNB,BASE+FATIGUE,192,47,68,1.2951,0.4418,-11.63,43,-11.95,41,-10.28,36,-10.28,0.58,36
LNB,BASE+FATIGUE+TEAM_ADV,192,47,88,1.2634,0.4455,-7.21,43,-5.0,42,-5.0,40,-5.0,0.56,42
LNB,BASE+TEAM_ADV,192,47,78,1.1386,0.5164,9.25,40,10.0,38,10.0,38,10.0,0.56,38
LegaA,BASE,189,47,58,0.9538,0.4982,1.63,43,-0.25,40,-2.43,37,1.63,0.54,43
LegaA,BASE+FATIGUE,189,47,68,0.9704,0.4615,-7.11,45,-11.63,43,-11.95,41,-7.11,0.54,45
LegaA,BASE+FATIGUE+TEAM_ADV,189,47,88,0.7213,0.6685,25.23,44,25.23,44,21.79,39,25.23,0.54,44
LegaA,BASE+TEAM_ADV,189,47,78,0.8186,0.6062,14.88,43,5.0,38,5.0,38,14.88,0.54,43
NBA,BASE,1041,260,58,0.7746,0.5573,9.27,233,7.93,213,4.69,196,9.27,0.54,233
NBA,BASE+FATIGUE,1041,260,68,0.7809,0.557,7.99,234,8.82,220,10.83,204,10.83,0.58,204
NBA,BASE+FATIGUE+TEAM_ADV,1041,260,88,0.8052,0.5369,1.22,229,2.17,212,0.25,199,2.17,0.56,212
NBA,BASE+TEAM_ADV,1041,260,78,0.8051,0.5399,0.78,230,2.58,213,2.52,202,2.58,0.56,213
NBL,BASE,144,35,58,0.9364,0.6503,8.57,35,11.76,34,9.39,33,11.76,0.56,34
NBL,BASE+FATIGUE,144,35,68,0.9115,0.6765,11.76,34,9.39,33,6.87,32,11.76,0.54,34
NBL,BASE+FATIGUE+TEAM_ADV,144,35,88,0.9115,0.6765,11.76,34,9.39,33,6.87,32,11.76,0.54,34
NBL,BASE+TEAM_ADV,144,35,78,0.9364,0.6503,8.57,35,11.76,34,9.39,33,11.76,0.56,34
